<?xml version='1.0'?>
<BookInfo>
   <Book>
      <ISBN>989-0-487-04641-2</ISBN>
      <Title>My World</Title>
      <Author>Nancy Davolio</Author>
      <Quantity>121</Quantity>
   </Book>
   <Book>
      <ISBN>981-0-776-05541-0</ISBN>
      <Title>Get Connected</Title>
      <Author>Janet Leverling</Author>
      <Quantity>435</Quantity>
   </Book>
   <Book>
      <ISBN>999-1-543-02345-2</ISBN>
      <Title>Honesty</Title>
      <Author>Robert Fuller</Author>
      <Quantity>315</Quantity>
   </Book>
</BookInfo>
