<?xml version="1.0" encoding="UTF-8"?>
<Workbook>
<Worksheet Name="List">
<Table>
<Row>
<Cell>
<Data >Data 1</Data>
</Cell>
<Cell>
<Data >Data 2</Data>
</Cell>
<Cell>
<Data >Data 3</Data>
</Cell>
<Cell>
<Data >Data 4</Data>
</Cell>
<Cell>
<Data >Data 5</Data>
</Cell>
<Cell>
<Data >Data 6</Data>
</Cell>
<Cell>
<Data >Data 7</Data>
</Cell>
<Cell>
<Data >Data 8</Data>
</Cell>
<Cell>
<Data >Data 9</Data>
</Cell>
<Cell>
<Data >Data 10</Data>
</Cell>
<Cell>
<Data >Data 11</Data>
</Cell>
<Cell>
<Data >Data 12</Data>
</Cell>
</Row>
<Row>
<Cell>
<Data >Data 1</Data>
</Cell>
<Cell>
<Data >Data 2</Data>
</Cell>
<Cell>
<Data >Data 3</Data>
</Cell>
<Cell>
<Data >Data 4</Data>
</Cell>
<Cell>
<Data >Data 5</Data>
</Cell>
<Cell>
<Data >Data 6</Data>
</Cell>
<Cell>
<Data >Data 7</Data>
</Cell>
<Cell>
<Data >Data 8</Data>
</Cell>
<Cell>
<Data >Data 9</Data>
</Cell>
<Cell>
<Data >Data 10</Data>
</Cell>
<Cell>
<Data >Data 11</Data>
</Cell>
<Cell>
<Data >Data 12</Data>
</Cell>
</Row>
</Table>
</Worksheet>
</Workbook>