<?xml version="1.0"?>
<workbook>
<worksheet>
<table>
<row>
<cell>
<data Type="String">
Data 0
</data>
</cell>
<cell>
<data Type="String">
Data 1
</data>
</cell>
<cell>
<data Type="String">
Data 2
</data>
</cell>
<cell>
<data Type="String">
Data 3
</data>
</cell>
<cell>
<data Type="String">
Data 4
</data>
</cell>
<cell>
<data Type="String">
Data 5
</data>
</cell>
<cell>
<data Type="String">
Data 6
</data>
</cell>
<cell>
<data Type="String">
Data 7
</data>
</cell>
<cell>
<data Type="String">
Data 8
</data>
</cell>
<cell>
<data Type="String">
Data 9
</data>
</cell>
<cell>
<data Type="String">
Data 10
</data>
</cell>
<cell>
<data Type="String">
Data 11
</data>
</cell>
<cell>
<data Type="String">
Data 12
</data>
</cell>
</row>
</table>
</worksheet>
</workbook>
