<?xml version="1.0" encoding="UTF-8"?>
<Workbook><Worksheet><Table><Row><Cell><Data Type="String">Data 1</Data></Cell><Cell><Data Type="String">Data 2</Data></Cell><Cell><Data Type="String">Data 3</Data></Cell><Cell><Data Type="String">Data 4</Data></Cell><Cell><Data Type="String">Data 5</Data></Cell><Cell><Data Type="String">Data 6</Data></Cell><Cell><Data Type="String">Data 7</Data></Cell><Cell><Data Type="String">Data 8</Data></Cell><Cell><Data Type="String">Data 9</Data></Cell><Cell><Data Type="String">Data 10</Data></Cell><Cell><Data Type="String">Data 11</Data></Cell><Cell><Data Type="String">Data 12</Data></Cell></Row><Row><Cell><Data Type="String">Data 1</Data></Cell><Cell><Data Type="String">Data 2</Data></Cell><Cell><Data Type="String">Data 3</Data></Cell><Cell><Data Type="String">Data 4</Data></Cell><Cell><Data Type="String">Data 5</Data></Cell><Cell><Data Type="String">Data 6</Data></Cell><Cell><Data Type="String">Data 7</Data></Cell><Cell><Data Type="String">Data 8</Data></Cell><Cell><Data Type="String">Data 9</Data></Cell><Cell><Data Type="String">Data 10</Data></Cell><Cell><Data Type="String">Data 11</Data></Cell><Cell><Data Type="String">Data 12</Data></Cell></Row></Table></Worksheet></Workbook>
