<query xmlns:yahoo="http://www.yahooapis.com/v1/base.rng" yahoo:count="4" yahoo:created="2014-06-16T07:08:22Z" yahoo:lang="en-US">
<results>
<rate id="USDEUR">
<Name>USD to EUR</Name>
<Rate>0.7388</Rate>
<Date>6/16/2014</Date>
<Time>3:07am</Time>
<Ask>0.7389</Ask>
<Bid>0.7387</Bid>
</rate>
<rate id="USDJPY">
<Name>USD to JPY</Name>
<Rate>101.845</Rate>
<Date>6/16/2014</Date>
<Time>3:07am</Time>
<Ask>101.87</Ask>
<Bid>101.82</Bid>
</rate>
<rate id="USDBGN">
<Name>USD to BGN</Name>
<Rate>1.4445</Rate>
<Date>6/16/2014</Date>
<Time>3:03am</Time>
<Ask>1.4495</Ask>
<Bid>1.4395</Bid>
</rate>
<rate id="USDCZK">
<Name>USD to CZK</Name>
<Rate>20.2855</Rate>
<Date>6/16/2014</Date>
<Time>3:07am</Time>
<Ask>20.29</Ask>
<Bid>20.281</Bid>
</rate>
</results>
</query>
<!-- total: 243 -->
<!-- engine2.yql.ne1.yahoo.com -->
