<?xml version="1.0" encoding="utf-8"?><soapenv:Envelope 
 xmlns:xsi="http://www.w3.org/2001/XMLSchema-instance" 
 xmlns:xsd="http://www.w3.org/2001/XMLSchema" 
 xmlns:soapenv="http://schemas.xmlsoap.org/soap/envelope/" 
 xmlns:enab="enablon">
   <soapenv:Header>
      <tns:AuthHeader id="h_id1">
         <EnaUserName xsi:type="xsd:string">name</EnaUserName>
         <EnaPassword xsi:type="xsd:string">pass</EnaPassword>
      </tns:AuthHeader>
   </soapenv:Header>
   <soapenv:Body>
      <enab:ExportData soapenv:encodingStyle="http://schemas.xmlsoap.org/soap/encoding/">
         <Table xsi:type="xsd:string">/test/testExpo</Table>
         <FolderId xsi:type="xsd:int">0</FolderId>
         <Fields xsi:type="xsd:string">f1|f2</Fields>
         <Filter xsi:type="xsd:string"></Filter>
         <CSVSeparator xsi:type="xsd:int">1</CSVSeparator>
         <FormatOptions xsi:type="xsd:int">22</FormatOptions>
         <FormatType xsi:type="xsd:int">2</FormatType>
         <ExportOptions xsi:type="xsd:int">1</ExportOptions>
      </enab:ExportData>
   </soapenv:Body>
</soapenv:Envelope>
